actual_arrival_date,assignment,audit_date,country_of_origin,date_issued,description,eccn_code,entryid,eu_dual_use_code,expected_arrival_date,gdrivefolder,issue_version,jobcard,last_jobcard_comment,location,manufacturer_serialno,name,office,order_promise_date,patch,purchase_order,serialno,status,vendor,work_order
2018-02-07,,,,2018-01-22,"047 FEP FORMABLE COAX CABLE, 260MM, RA-MCX TO RA-MCX",9A515.x,25487,NLR,2018-02-09,1ZJSkr_TwI3dTnRToVgE8nqqtN-MphQYi,1.0,1IGgjurDj5rln2wugwM2_KyEUlbr_sousbZcTA5L8RB4,<p>Workflow task <strong> Incoming Inspection</strong> set to <strong>failed</strong>. Comment: passed inspection of length but failed cable test </p>,MANUFACTURING,,COAX0027,UK,2018-02-19 00:00:00+00:00,0,2170484,C0270055,FAULTY,COAX CONNECTORS,
2018-02-01,,,GBR,2017-11-24,VHF and UHF antenna system with wide band UHF matching.  ,9A515.X,24875,NLR,2018-02-01,1CRfQRMVNt8PpSwVId66uReeLqgW-A7Xi,1.5.1,1nNggVDUuJrukpQgDXFD6juWWB60KGvAYE11Ri7PR4OA,<p>Workflow task <strong> WI 015 AURORA 1.5</strong> set to <strong>failed</strong>. Comment: Issue with TX/RX lines. ECN to follow. </p>,MANUFACTURING,HMK 18/0433609/1 0988,AURORA,UK,2018-01-04 00:00:00+00:00,0,2170372,AURA0113,FAULTY,HALLMARK ELECTRONICS LIMITED,
2018-02-01,,,GBR,2017-11-24,VHF and UHF antenna system with wide band UHF matching.  ,9A515.X,24874,NLR,2018-02-01,1b9_kIibD77LFp8OqZSXTgu_Wp6MYwlHb,1.5.1,1TB-QyXAhpm9R2GONuANYH8UKGZoTItmbBDpXURHFLVI,<p>Workflow task <strong> WI 015 AURORA 1.5</strong> set to <strong>failed</strong>. Comment: Issue with TX/RX lines. ECN to follow. </p>,MANUFACTURING,HMK 18/0433609/1 0978,AURORA,UK,2018-01-04 00:00:00+00:00,0,2170372,AURA0112,FAULTY,HALLMARK ELECTRONICS LIMITED,
2018-02-01,,,GBR,2017-11-24,VHF and UHF antenna system with wide band UHF matching.  ,9A515.X,24873,NLR,2018-02-01,1D8rjxpn33sMHeYnL_WApff04oHBel4x5,1.5.1,10aQeRyqLBBApRRAoY0u-kzUm04uQwYmoVbUbET62crE,<p>Workflow task <strong> WI 015 AURORA 1.5</strong> set to <strong>failed</strong>. Comment: Issue with TX/RX lines. ECN to follow. </p>,MANUFACTURING,HMK 18/0433609/1 0975,AURORA,UK,2018-01-04 00:00:00+00:00,0,2170372,AURA0111,FAULTY,HALLMARK ELECTRONICS LIMITED,
2018-02-01,,,GBR,2017-11-24,VHF and UHF antenna system with wide band UHF matching.  ,9A515.X,24867,NLR,2018-02-01,1MzLc_hvKT1Ldg8V-j41_AmdzkK7wiHDG,1.5.1,1Uyf7TVw2sm_MgPzXjjb16HfdNiMJAFzS3vzEjvYE6LY,<p>Workflow task <strong> WI 015 AURORA 1.5</strong> set to <strong>failed</strong>. Comment: Issue with TX/RX lines. ECN to follow. </p>,MANUFACTURING,HMK 18/0433609/1 0993,AURORA,UK,2018-01-04 00:00:00+00:00,0,2170372,AURA0105,FAULTY,HALLMARK ELECTRONICS LIMITED,
2018-02-01,,,GBR,2017-11-24,VHF and UHF antenna system with wide band UHF matching.  ,9A515.X,24868,NLR,2018-02-01,1oWixo4AWfq9ufumWUUbdq2ta64-cNv4N,1.5.1,1Ar72fRsBckRQXMAFW52ncueCPi-bqiV-TOxYhoSk4v4,<p>Workflow task <strong> WI 015 AURORA 1.5</strong> set to <strong>failed</strong>. Comment: Issue with TX/RX lines. ECN to follow. </p>,MANUFACTURING,HMK 18/0433609/1 1002,AURORA,UK,2018-01-04 00:00:00+00:00,0,2170372,AURA0106,FAULTY,HALLMARK ELECTRONICS LIMITED,
2018-02-01,,,GBR,2017-11-24,VHF and UHF antenna system with wide band UHF matching.  ,9A515.X,24871,NLR,2018-02-01,1_Ckl4zeG8NGw45CgANIatbv9kHZ9xUi2,1.5.1,12M3T4Ah49jB7tti-tyfPSBjKB0SwG921g7pSEsHU5yg,<p>Workflow task <strong> WI 015 AURORA 1.5</strong> set to <strong>failed</strong>. Comment: Issue with TX/RX lines. ECN to follow. </p>,MANUFACTURING,HMK 18/0433609/1 0998,AURORA,UK,2018-01-04 00:00:00+00:00,0,2170372,AURA0109,FAULTY,HALLMARK ELECTRONICS LIMITED,
2018-02-01,,,GBR,2017-11-24,VHF and UHF antenna system with wide band UHF matching.  ,9A515.X,24870,NLR,2018-02-01,1nQVNuAJXPdCp378_qtMNi0qegb6zniUC,1.5.1,1mGHg5_t5Du133_E3nI_QO834QrPsE9szvrfvFnZ9W8E,<p>Workflow task <strong> WI 015 AURORA 1.5</strong> set to <strong>failed</strong>. Comment: Issue with TX/RX lines. ECN to follow. </p>,MANUFACTURING,HMK 18/0433609/1 0972,AURORA,UK,2018-01-04 00:00:00+00:00,0,2170372,AURA0108,FAULTY,HALLMARK ELECTRONICS LIMITED,
2018-02-01,,,GBR,2017-11-24,VHF and UHF antenna system with wide band UHF matching.  ,9A515.X,24872,NLR,2018-02-01,1Jw0jW7BsAdXeFjYqOrETsVZcadktSPfL,1.5.1,1y7NRH-AfdqSCjoPCBylA0xMtjWqtZnt0_N8-9Mef_vo,<p>Workflow task <strong> WI 015 AURORA 1.5</strong> set to <strong>failed</strong>. Comment: Issue with TX/RX lines. ECN to follow. </p>,MANUFACTURING,HMK 18/0433609/1 0989,AURORA,UK,2018-01-04 00:00:00+00:00,0,2170372,AURA0110,FAULTY,HALLMARK ELECTRONICS LIMITED,
2017-06-26,,,USA,2017-06-05,FARCOM UHF Transceiver PCB,9A515.X,18609,NLR,2017-06-26,0B8g1PtZpbs-qUzJsemJ0TUMwT0E,2.2.1,12zgKU3afWcIXtD2ln-iaCc2iSTJ3U_gWXbnx1aHIHq0,"<p style="""">FARCOM became unresponsive during thermal scotty testing when integrated onto SLED009. <br><br>PASSED scotty at ambient and -20degrees but FAILED all tests at 50degree. <br><br>Powered the FARCOM at module level and re-tested at 50degrees in the thermal chamber. <br>FARCOM goes into a reset loop. Suspect this could be the SRAM chip not being able to handle high temperatures.&nbsp;</p>",X-003C,,FARCOM,UK,2017-06-19 00:00:00+00:00,0,2170081,FCOM0184,FAULTY,HALLMARK ELECTRONICS LIMITED,
2017-11-27,,,USA,2017-10-30,Flash S-band Radio RF PCB,9A515.X,21522,NLR,2017-11-27,0B8g1PtZpbs-qTlZQYmp1QTdSWFE,1.3.1,1y_VvS4n9EUxu5zvmivFWMsMBNedaJlwW4wl2_HKns0A,"<p>FLASHRF board failing TX tunning <a href=""https://app.asana.com/0/104938003044303/550844168783652"" rel=""noopener noreferrer"" target=""_blank"">NCR</a><br><br></p>",X-003C,HMK17/45 33475/1 SN0301,FLASHRF,UK,2017-11-27 00:00:00+00:00,0,2170277,FLRF0157,FAULTY,HALLMARK ELECTRONICS LIMITED,
2017-11-27,,,USA,2017-10-30,Flash S-band Radio RF PCB,9A515.X,21530,NLR,2017-11-27,0B8g1PtZpbs-qaFdkcG1wcVJfSVE,1.3.1,1Zu5FXQjpV5GF_4wMk08vhYidVcYDC3pUTwsFpaLVOyI,"<p>RFLASHRF failing to transmit RF signal. <a href=""https://app.asana.com/0/104938003044303/545833903842310"">NCR</a></p>",X-003C,HMK17/45 33475/1 SN0295,FLASHRF,UK,2017-11-27 00:00:00+00:00,0,2170277,FLRF0165,FAULTY,HALLMARK ELECTRONICS LIMITED,
2017-12-20,,,GBR,2017-11-09,LEMUR2 SPAC Module Baseplate,9A515.X,23761,NLR,2017-12-20,,1.0.1,,"<p>ECN Completed , however gasket damaged in one area. To be repaired.</p>",X-001,,SPACS_CHASSIS,UK,2017-12-20 00:00:00+00:00,0,2170326,SPCHA018,FAULTY,GOSPORT METAL TREATMENTS LTD,
2017-10-23,,,USA,2017-09-29,Flash S-band Radio RF PCB,9A515.X,20555,NLR,2017-10-23,0B8g1PtZpbs-qeFRCU3RQU0xPNkE,1.3.1,1zuiXzboqX5d0njLJVZpN1jDvG0Ajq-BSedE_c4qjAO0,"<p>FAILED - <a href=""https://app.asana.com/0/63079693064060/546021626866530"" rel=""noopener noreferrer"" target=""_blank"">NCR</a></p>",MANUFACTURING,HMK17/41 33367/1 SN004,FLASHRF,UK,2017-10-23 00:00:00+00:00,0,2170217,FLRF0153,FAULTY,HALLMARK ELECTRONICS LIMITED,
2017-12-18,,,GBR,2017-10-31,LEMUR-2 AIS RECEIVER ENCLOSURE,9A515.X,22653,NLR,2017-12-22,0B8g1PtZpbs-qMk1iLW10QVhDTFU,2.0.1,15_qmObxLEZods6-AytCuyr7TK7A07Vda0h7-RVd1MRM,<p>Found to be faulty- last Modification not completed - will need to be returned to Penta for rework</p>,RMA,,SHLDAIS,UK,2017-12-15 00:00:00+00:00,0,2170280,SHDAS112,FAULTY,PENTA PRECISION LIMITED,
2017-12-18,,,GBR,2017-10-31,LEMUR-2 AIS RECEIVER ENCLOSURE,9A515.X,22642,NLR,2017-12-22,0B8g1PtZpbs-qUzJWVHB0Vk96MlU,2.0.1,1v9i87tl0Pd1nIBifwXBzE6N9diOy3v3qBABhOy9eu2U,<p>Found to be faulty- last change not completed - to be returned to Penta for Rework</p>,RMA,,SHLDAIS,UK,2017-12-15 00:00:00+00:00,0,2170280,SHDAS101,FAULTY,PENTA PRECISION LIMITED,
2017-04-12,,,GBR,2017-03-17,RADFACE UHF Transceiver PCB,9A515.X,18124,NLR,2017-04-12,0B8g1PtZpbs-qX243YmptQVpWb0E,1.2.1,1cl2rk5vj-VcIL7UMJQv0xJqMqc4TCWd7_6Pl8Lujzac,<p>Conformal coated- Inspected SMcG- FLIGHT</p>,ENGINEERING,,RADFACE,UK,2017-04-14 00:00:00+00:00,0,2170036,RADF0068,FAULTY,HALLMARK ELECTRONICS LIMITED,
2018-01-25,,,USA,2017-11-17,Lemur-2 +Z Photodiode Array,9A515.x,24601,NLR,2018-01-22,1TFkibKACCqnybsnRCs0uLZL01dQg17fG,3.1,1DK7-_eY8ARdd0qStGnMiBGg3sJs7FXtCr4F-83QfNws,"<p>Workflow task <strong> Subsystem Thermal Cycle</strong> set to <strong>passed</strong>. Comment: PCB for sled , C.C. & thermal not required</p>",MANUFACTURING,,CSSPOSZ,UK,2017-12-22 00:00:00+00:00,0,2170355,CPZP0169,FAULTY,EUROPEAN CIRCUITS LIMITED,
2018-01-25,,,USA,2017-11-17,Lemur-2 +Z Photodiode Array,9A515.x,24600,NLR,2018-01-22,1ZrL078XEscPZeDJWryEueG19Q-2Xk8Yk,3.1,1M6_ayBlOHplYMIY7bqgvgh52EWLRQe-a01AoD21CG6w,"<p>Workflow task <strong> Subsystem Thermal Cycle</strong> set to <strong>passed</strong>. Comment: PCB for sled , thermal not required</p>",MANUFACTURING,,CSSPOSZ,UK,2017-12-22 00:00:00+00:00,0,2170355,CPZP0168,FAULTY,EUROPEAN CIRCUITS LIMITED,
2018-01-26,,,USA,2017-11-17,Lemur-2 +Z Photodiode Array,9A515.x,24603,NLR,2018-01-31,1ztTW6GQIvtxVVc66Rn-qvqd8z5qJ7RB4,3.1,1yVcuJmoSPSzEQwree3NkJhkuie_JhMV7W5VxqsjPDBY,"<p><strong>Checked-out</strong> to <strong>MANUFACTURING</strong> for Parts Request <a href=""/inventory/parts_requests/0000083"">0000083</a></p>",MANUFACTURING,,CSSPOSZ,UK,2017-12-22 00:00:00+00:00,0,2170355,CPZP0171,FAULTY,EUROPEAN CIRCUITS LIMITED,
2018-01-26,,,USA,2017-11-17,Lemur-2 +Z Photodiode Array,9A515.x,24605,NLR,2018-01-31,1ZwEr85ewrmHJwV_oLLMAgkIWzKmqIkcF,3.1,1O5Onowkcnd9-nR-KVjJelFvmBbrcRhi7ndNNateila4,"<p><strong>Checked-out</strong> to <strong>MANUFACTURING</strong> for Parts Request <a href=""/inventory/parts_requests/0000083"">0000083</a></p>",MANUFACTURING,,CSSPOSZ,UK,2017-12-22 00:00:00+00:00,0,2170355,CPZP0173,FAULTY,EUROPEAN CIRCUITS LIMITED,
2018-01-26,,,USA,2017-11-17,Lemur-2 +Z Photodiode Array,9A515.x,24604,NLR,2018-01-31,1O-_eP4WJ0UHC3O6KSi1SeZvyLL4qRf0E,3.1,112q6RXDGw0bmWQYq2QJYASiUhNe8fRf1VBpBjxEjQWg,"<p><strong>Checked-out</strong> to <strong>MANUFACTURING</strong> for Parts Request <a href=""/inventory/parts_requests/0000083"">0000083</a></p>",MANUFACTURING,,CSSPOSZ,UK,2017-12-22 00:00:00+00:00,0,2170355,CPZP0172,FAULTY,EUROPEAN CIRCUITS LIMITED,
2017-09-08,,,GBR,2017-07-25,VHF and UHF antenna system with wide band UHF matching.  ,9A515.X,19197,NLR,2017-09-11,0B8g1PtZpbs-qQWNHcEQwSk5TTzg,1.3.1,1fVx6DAywJER_asnMI1WF1RScCUR6P7Jx2FDG3uJ_du8,"<p><a href=""https://app.asana.com/0/104938003044303/536887242822281"">NCR</a></p>",X-003B,HMK17/34 33162/1 SN005,AURORA,UK,2017-08-29 00:00:00+00:00,0,2170123,AURA0088,FAULTY,HALLMARK ELECTRONICS LIMITED,
2017-12-01,,,GBR,2017-11-10,Lemur Electrical Power System,9A515.X,23857,NLR,2017-12-04,1C4RuPskPI98YhDihLyfpLnrVHwMVkV9z,1.4.2,1EL5ZVPRWwcW2m1L49ywdI9qP4wsW7FulLjBc5GK1ZtA,<p>During Efficiency debug / disabling the 12V line supect U31 has been damaged. This will need replaced before re-testing as the 12V line has gone.&nbsp;</p>,X-003B,,LEMEPS,UK,2017-11-27 00:00:00+00:00,0,2170277,LEPS0107,FAULTY,HALLMARK ELECTRONICS LIMITED,
2016-02-05,,,ABW,2015-12-21,Flash S-band Radio RF PCB,9A515.x,8668,nlr,2016-02-05,0B8g1PtZpbs-qNF91aDg0SjNXaTg,1.2.1,1nBgb1CWhkZr4rAa1Vu-maAXZhlhUXf720o7QsVRpMp0,<p>Swapped out by SMG from FLMD0096 (Glas-Sled05) - This FLASHRF should be returned as FAULTY&nbsp;</p>,X-003A,,FLASHRF,UK,,0,5270,FLRF0094,FAULTY,HALLMARK ELECTRONICS LIMITED,
2016-05-05,,,USA,2016-05-05,PNI RM3100 Magnetometer Evaluation Module,EAR99,11299,NLR,2016-05-05,0B8g1PtZpbs-qSWd1anJLWjZ1a3M,1.0,1c7XYOvqtx1_hV2frmcjDPEHgOuxGv04f1pnXW3ba61w,"<p><strong>Checked-out</strong> to <strong>MANUFACTURING</strong> for Parts Request <a href=""/inventory/parts_requests/0000046"">0000046</a></p>",MANUFACTURING,,XRM3100,UK,,0,5104,RM3K1010,FAULTY,PNI,
2017-04-12,,,USA,2017-03-14,PNI RM3100 Magnetometer Evaluation Module,EAR99,18059,NLR,2017-04-13,0B8g1PtZpbs-qcUlMQjZpNlQ3Tm8,1.0,1kuuKGgQMBOngxGt_WpxB5Gqj9dB2Rqsfs1EonhlEdeg,"<p><strong>Checked-out</strong> to <strong>MANUFACTURING</strong> for Parts Request <a href=""/inventory/parts_requests/0000046"">0000046</a></p>",MANUFACTURING,,XRM3100,UK,2017-04-06 00:00:00+00:00,0,2170028,RM3K1029,FAULTY,WILLOW TECHNOLOGIES LTD,
2017-09-29,,,USA,2017-09-28,PNI RM3100 Magnetometer Evaluation Module,EAR99,20534,NLR,2017-09-29,0B8g1PtZpbs-qTHg1czhzOE1mX2M,1.0,1R_9bglOPbrGCbyNBWryf6JBHOFG0Kvnsfg3lHDHOfuE,"<p><strong>Checked-out</strong> to <strong>MANUFACTURING</strong> for Parts Request <a href=""/inventory/parts_requests/0000046"">0000046</a></p>",MANUFACTURING,,XRM3100,UK,2017-09-29 00:00:00+00:00,0,2170211,RM3K1052,FAULTY,WILLOW TECHNOLOGIES LTD,
2017-09-29,,,USA,2017-09-28,PNI RM3100 Magnetometer Evaluation Module,EAR99,20536,NLR,2017-09-29,0B8g1PtZpbs-qYzg1eTVaRWhQT0U,1.0,1Dm7a9urvaYw6RugvAV5ClhjMuc7dh5ByZ6R6wwpieA8,"<p><strong>Checked-out</strong> to <strong>MANUFACTURING</strong> for Parts Request <a href=""/inventory/parts_requests/0000046"">0000046</a></p>",MANUFACTURING,,XRM3100,UK,2017-09-29 00:00:00+00:00,0,2170211,RM3K1054,FAULTY,WILLOW TECHNOLOGIES LTD,
2017-08-07,,,USA,2017-03-14,PNI RM3100 Magnetometer Evaluation Module,EAR99,18080,NLR,2017-08-04,0B8g1PtZpbs-qTzRLc1hLTEhvOFk,1.0,1-MrPjUuppWH_X6h0aWEJ1ipvGIyaNg3zPyk1vbJ-OrU,"<p><strong>Checked-out</strong> to <strong>MANUFACTURING</strong> for Parts Request <a href=""/inventory/parts_requests/0000046"">0000046</a></p>",MANUFACTURING,,XRM3100,UK,2017-12-01 00:00:00+00:00,0,2170028,RM3K1050,FAULTY,WILLOW TECHNOLOGIES LTD,
2016-10-14,,,USA,2016-10-06,PNI RM3100 Magnetometer Evaluation Module,EAR99,13306,NLR,2016-10-24,0B8g1PtZpbs-qcmx6Mi1naWU5ZFU,1.0,1Gl7rXndIM8aBb4bhuQEQfrvNba6t56YSTSLc28GtAFI,"<p style="""">Debug inspection - coils on both MS1 and MS2 damaged beyond repair during vibe. Wire is snapped in the middle of the coil. <a href=""https://drive.google.com/drive/folders/0B8g1PtZpbs-qNkY3NEFncVg5Sjg"">(Pictures)</a></p>",MANUFACTURING,,XRM3100,UK,,0,5687,RM3K1017,FAULTY,WILLOW TECHNOLOGIES LTD,
2017-09-29,,,USA,2017-09-28,PNI RM3100 Magnetometer Evaluation Module,EAR99,20537,NLR,2017-09-29,0B8g1PtZpbs-qbUwtb2dBS25rMDg,1.0,1Ks0YmSSVnDZVarYzfcxOOorUqMZ0eY01mCB-Rc1wU_o,"<p><strong>Checked-out</strong> to <strong>MANUFACTURING</strong> for Parts Request <a href=""/inventory/parts_requests/0000046"">0000046</a></p>",MANUFACTURING,,XRM3100,UK,2017-09-29 00:00:00+00:00,0,2170211,RM3K1055,FAULTY,WILLOW TECHNOLOGIES LTD,
2016-10-14,SLED0003,,USA,2016-10-06,PNI RM3100 Magnetometer Evaluation Module,EAR99,13307,NLR,2016-10-24,0B8g1PtZpbs-qQ1NxRzZXdVE3azA,1.0,1GUUTmaJqrnyFn5XC5YPuAyaMg7ZDQsevE3IfCNf9UKg,"<p style="""">Debug inspection - wire snapped from coil in un-repairable area on MS1</p>",MANUFACTURING,,XRM3100,UK,,0,5687,RM3K1018,FAULTY,WILLOW TECHNOLOGIES LTD,
2017-08-07,,,USA,2017-03-14,PNI RM3100 Magnetometer Evaluation Module,EAR99,18073,NLR,2017-08-04,0B8g1PtZpbs-qMHc5ZXUyQUVlX0U,1.0,11068qSVrhHPXJLhStlVqEEKe7ZnBEh_Ae9XfMYh0dAA,"<p style="""">Debug inspection - chip U1 had previously tried to be replaced with heat causing the board to buckle, unsuitable for flight.</p>",MANUFACTURING,,XRM3100,UK,2017-10-06 00:00:00+00:00,0,2170028,RM3K1043,FAULTY,WILLOW TECHNOLOGIES LTD,
2017-08-07,,,USA,2017-03-14,PNI RM3100 Magnetometer Evaluation Module,EAR99,18076,NLR,2017-08-04,0B8g1PtZpbs-qRXNvRVRnX1E0Z0E,1.0,1Xg9VUzsua5bv5j6nbe3GyYPGuYqXiPBSBcSzLNz5nTI,"<p><strong>Checked-out</strong> to <strong>MANUFACTURING</strong> for Parts Request <a href=""/inventory/parts_requests/0000046"">0000046</a></p>",MANUFACTURING,,XRM3100,UK,2017-12-01 00:00:00+00:00,0,2170028,RM3K1046,FAULTY,WILLOW TECHNOLOGIES LTD,
2017-04-12,,,USA,2017-03-14,PNI RM3100 Magnetometer Evaluation Module,EAR99,18060,NLR,2017-04-13,0B8g1PtZpbs-qVTA1MDQ1N3F4a0k,1.0,1FVVK5EK68IU0w1JDr1EZDSml1GDinvNjuFIjyeAFjtg,"<p><strong>Checked-out</strong> to <strong>MANUFACTURING</strong> for Parts Request <a href=""/inventory/parts_requests/0000046"">0000046</a></p>",MANUFACTURING,,XRM3100,UK,2017-04-06 00:00:00+00:00,0,2170028,RM3K1030,FAULTY,WILLOW TECHNOLOGIES LTD,
2017-07-27,,,GBR,2017-07-12,"Lemur-2 Magnetometer Breakout Board, RIGID-FLEX-RIGID",9A515.X,18931,NLR,2017-08-03,0B8g1PtZpbs-qRWF5Y2tXVVM5Ym8,2.1.0,1xj5dk4MSC4bjZ5ES4pizk1FbU7Xgzf9JVa3hm9kx22s,"<p style="""">Debug inspection - connector looks to be intact. FM needed to test before putting back to FLIGHT</p>",MANUFACTURING,HMK17/29 33055/1 SN013,MAGBOB,UK,2017-08-03 00:00:00+00:00,0,2170105,MGBOB095,FAULTY,HALLMARK ELECTRONICS LIMITED,
2017-07-27,,,GBR,2017-07-12,"Lemur-2 Magnetometer Breakout Board, RIGID-FLEX-RIGID",9A515.X,18925,NLR,2017-08-03,0B8g1PtZpbs-qbWFENWFlUVpXbzQ,2.1.0,15R3J7QrLWqC3ozS8C-R_CXsZWIdD5QPubAtH7YxuI-0,"<p style="""">Debug inspection - connector still looks to be intact. FM required to test before putting back to FLIGHT</p>",MANUFACTURING,HMK17/29 33055/1 SN004,MAGBOB,UK,2017-08-03 00:00:00+00:00,0,2170105,MGBOB089,FAULTY,HALLMARK ELECTRONICS LIMITED,
2018-01-08,,,GBR,2017-11-20,Deployment Switch Left,9A515.x,24652,NLR,2018-01-08,1sqyEPdi3uzMXo1NJ5p7cufe9Zu9tZ1Cc,1.1,1x2TpfzUg-DJDja7IENzsxtMGWJPz4T5duOj8eIfOgXI,<p>Workflow task <strong> Incoming Inspection</strong> set to <strong>failed</strong>. Comment: Failed due to switch not clicking and when carrying out a switch test when the switch is open it is measuring 3.0 ohms when the rest are measuring 0.2 ohms</p>,RMA,,DEPSWL,UK,2017-12-22 00:00:00+00:00,0,2170355,DESPL198,FAULTY,EUROPEAN CIRCUITS LIMITED,
2017-03-27,,,,2017-03-06,"086 FEP FORMABLE COAX CABLE, 190MM, RA-MCX TO RA-SMA",9A515.x,17929,NLR,2017-04-03,0B8g1PtZpbs-qeWllQkNMQzJ3R00,1.0,1UG3LTxYZw1pVHy9MKmhAW_ek4_RQRMlgW3cMgtTSarw,"<p><strong>Checked-out</strong> to <strong>ENGINEERING</strong> for Parts Request <a href=""/inventory/parts_requests/0000012"">0000012</a></p>",ENGINEERING,,COAX0024,UK,2017-04-03 00:00:00+00:00,0,2170020,C0240023,FAULTY,COAX CONNECTORS,
2017-08-16,,,,2017-07-28,"086 FEP FORMABLE COAX CABLE, 230MM, RA-MCX TO STR-MCX",9A515.x,19555,NLR,2017-08-17,0B8g1PtZpbs-qaVB0RFE0blQyeU0,1.0,1DsGSh2MeqEr1xupP65KkJja5Kz5EtNCy4L5lciTgX7E,"<p><strong>Checked-out</strong> to <strong>ENGINEERING</strong> for Parts Request <a href=""/inventory/parts_requests/0000011"">0000011</a></p>",ENGINEERING,,COAX0021,UK,2017-08-11 00:00:00+00:00,0,2170131,C0210039,FAULTY,COAX CONNECTORS,
2017-05-02,,,,2017-03-13,"086 FEP FORMABLE COAX CABLE, 230MM, RA-MCX TO STR-MCX",9A515.x,17990,NLR,2017-05-01,0B8g1PtZpbs-qSzM2Z2RrQWZuNU0,1.0,17yODEBfpuTg1yLdasJBgusO8xqDIhYuh5ln5Iz2WDac,"<p><strong>Checked-out</strong> to <strong>ENGINEERING</strong> for Parts Request <a href=""/inventory/parts_requests/0000011"">0000011</a></p>",ENGINEERING,,COAX0021,UK,2017-05-01 00:00:00+00:00,0,2170020,C0210029,FAULTY,COAX CONNECTORS,
2017-07-14,,,ABW,2017-06-22,Flash S-band Radio RF PCB,9A515.x,18733,nlr,2017-07-14,0B8g1PtZpbs-qQ0dfc1FiUUpJQTQ,1.2.1,1lISwoYcRnqcxhsdEc9Duq3uVT0msVtwmLCQvcVZtZgE,"<p><strong>Checked-out</strong> to <strong>MANUFACTURING</strong> for Parts Request <a href=""/inventory/parts_requests/0000025"">0000025</a></p>",MANUFACTURING,,FLASHRF,UK,2017-07-14 00:00:00+00:00,0,2170091,FLRF0145,FAULTY,HALLMARK ELECTRONICS LIMITED,
2016-02-05,,,ABW,2015-12-21,Flash S-band Radio RF PCB,9A515.x,8682,nlr,2016-02-05,0B8g1PtZpbs-qbnYzYmRBZV9Xclk,1.2.1,1ZV-mnbDi-x0gyb-ffOwvF6gQ_bvcdvO4Iof9PnLGlvQ,"<p><strong>Checked-out</strong> to <strong>MANUFACTURING</strong> for Parts Request <a href=""/inventory/parts_requests/0000025"">0000025</a></p>",MANUFACTURING,,FLASHRF,UK,,0,5270,FLRF0108,FAULTY,HALLMARK ELECTRONICS LIMITED,
2015-10-30,,,ABW,2015/10/05,Flash S-band Radio RF PCB,9A515.x,4232,nlr,2015-10-30,0B5sHrW4FtL1gd3kzWl9zaGhTSWc,1.2.1,17ChNyHED982ESdeVpzSk0iWncGR_PTD8_drsK0kqpJs,<p>PASSED on to Milos for investigation of on orbit PA issues.</p>,MANUFACTURING,,FLASHRF,UK,,0,5105,FLRF0072,FAULTY,SF CIRCUITS,
2017-02-24,,,ABW,2016-12-15,Flash S-band Radio RF PCB,9A515.x,16320,nlr,2017-02-27,0B8g1PtZpbs-qb0l1TTdIZ2lYa0k,1.2,1AZ8Z0DFacBA9CtmgXO6zTSd8ir_67gsGFuPzHjWsfk0,"<p><strong>Checked-out</strong> to <strong>MANUFACTURING</strong> for Parts Request <a href=""/inventory/parts_requests/0000024"">0000024</a></p>",MANUFACTURING,,FLASHRF,UK,2017-01-31 00:00:00+00:00,0,5815,FLRF0140,FAULTY,HALLMARK ELECTRONICS LIMITED,
2016-02-05,,,ABW,2015-12-21,Flash S-band Radio RF PCB,9A515.x,8683,nlr,2016-02-05,0B8g1PtZpbs-qeWNvUlAzdlU1VWc,1.2,1FZxocE6eXSXdJ6NYlUfb-SfuPOatLf0AuGem3D_DM60,"<p><strong>Checked-out</strong> to <strong>MANUFACTURING</strong> for Parts Request <a href=""/inventory/parts_requests/0000024"">0000024</a></p>",MANUFACTURING,,FLASHRF,UK,,0,5270,FLRF0109,FAULTY,HALLMARK ELECTRONICS LIMITED,
2016-02-05,,,ABW,2015-12-21,Flash S-band Radio RF PCB,9A515.x,8667,nlr,2016-02-05,0B8g1PtZpbs-qcGZaQWYyaXpjUEE,1.2,10lF1uRSNhwbNPAz4EmmKQDn8MkZuGYCnnHh1KuQuP1U,"<p><strong>Checked-out</strong> to <strong>MANUFACTURING</strong> for Parts Request <a href=""/inventory/parts_requests/0000024"">0000024</a></p>",MANUFACTURING,,FLASHRF,UK,,0,5270,FLRF0093,FAULTY,HALLMARK ELECTRONICS LIMITED,
,,,ABW,2015-07-27,Flash S-band Radio RF PCB,9A515.x,3055,nlr,2015-10-07,0B2VCrBaJZ0EwazMzVnFNNmFqMlE,1.2,1bKjhQK6Nvsop3WOQ520H7IVGdNeG9V2xs92wSAVuWpg,"<p><strong>Checked-out</strong> to <strong>MANUFACTURING</strong> for Parts Request <a href=""/inventory/parts_requests/0000024"">0000024</a></p>",MANUFACTURING,,FLASHRF,UK,,0,2200002,FLRF0062,FAULTY,SF CIRCUITS,
2018-01-11,,,GBR,2017-11-16,Flash S-Band Radio Digital PCB,9A515.X,24454,NLR,2018-01-12,1voVUqxIBraDQVDdIWqpr9PpIAwv0f7J-,1.5.0,1nIfdWf9IW5nIq1hyJId5z0nDUwsLOKTRO2XGtQqOUOw,"<p>Workflow task <strong> WI 002 FLASHDIG 1.5 -> FLASHDIG Power On, Selfcheck</strong> set to <strong>failed</strong>. Comment: <p style=""""><a href=""https://app.asana.com/0/104938003044303/526635077197335"" rel=""noopener noreferrer"" target=""_blank"">NCR</a></p></p>",MANUFACTURING,HMK17/49SN-0621,FLASHDIG,UK,2017-12-21 00:00:00+00:00,0,2170350,FLDG0159,FAULTY,HALLMARK ELECTRONICS LIMITED,
2017-08-04,,,GBR,2017-07-12,LEMUR2 3.1 Flight Preparation Panel - Includes ECN0092,9A515.X,18943,NLR,2017-08-04,0B8g1PtZpbs-qZFhkR21TRV8wZkE,2.2.1,1JZQYOc5XIqsqOoSf8zcIR2KtoGjKyx3-p33xKht9Iic,"<p><span data-sheets-userformat='{""2"":771,""3"":[null,0],""4"":[null,2,16711680],""11"":4,""12"":0}' data-sheets-value='{""1"":2,""2"":""LEMFPP causing short and preventing sensor telemetry from showing""}'>From LEMR2079 JobCard: LEMFPP causing short and preventing sensor telemetry from showing</span></p>",MANUFACTURING,SN018,LEMFPP,UK,2017-08-04 00:00:00+00:00,0,2170107,LFPP0160,FAULTY,HALLMARK ELECTRONICS LIMITED,
2017-06-09,,,GBR,2017-05-10,Lemur-2 Backplane,9A515.X,18481,NLR,2017-06-08,0B8g1PtZpbs-qTWYtOFhMNzVCSzQ,3.3.2,1GBO7KuHw8fVFNcf2YFgD1gLbUJXaCeDmVcQpD2ECYX8,"<p>Removed U1, Ethernet chip (P/N Obsolete) to repair faulty board.</p>",ENGINEERING,,LEM2BACK,UK,2017-06-08 00:00:00+00:00,0,2170069,LBCK0188,FAULTY,HALLMARK ELECTRONICS LIMITED,
2017-07-06,,,GBR,2017-06-05,GNSS FRONT END,9A515.x,18637,NLR,2017-07-05,0B8g1PtZpbs-qNnJBc0NvZ0VSSE0,1.2.0,19XRJrYmTWgZTslQvSj1glR5VhTAN14efZap0NwioYmw,<p>FLIGHT</p>,X-003B,,STRATOSRF,UK,2017-06-26 00:00:00+00:00,0,2170080,STROS069,FAULTY,SMS ELECTRONICS LTD,
2017-08-25,,,GBR,2017-07-25,AIS Receiver Module Top PCB,9A515.X,19114,NLR,2017-08-30,0B8g1PtZpbs-qb1MycVUxX29nSms,2.1.3,1wCfZcKQ4KFipwOCf_PNvIoApAflF5N2d6q48fl8M7JI,"<p>Failed due to non-responsive CAN when assembled into module. <a href=""https://app.asana.com/0/104938003044303/520920210826241"" rel=""noopener noreferrer"" target=""_blank"">NCR</a></p>",MANUFACTURING,HMK17/04 32285/A SN030,AISHAT,UK,2017-08-29 00:00:00+00:00,0,2170122,AISHT124,FAULTY,HALLMARK ELECTRONICS LIMITED,
2017-12-11,,,USA,2017-11-10,Lemur-2 Power Distribution Module,9A515.x,23816,NLR,2017-12-11,1nALvMtf_64Igr2uHRXBlBShSZpmyx9Pc,1.6.0,17thqplCLbSBNCtx7YWi7DBrVsGdaSNPUwvUHnis7Mrk,<p>Workflow task <strong> WI 021 LEMPDU 1.6 -> 3.3V Overcurrent Protection test</strong> set to <strong>failed</strong>. Comment: failed due to short in the board - resistor R_7_30 changed due to supplier fault </p>,X-003C,HMK 17/47 33541SN0661,LEMPDU,UK,2017-12-11 00:00:00+00:00,0,2170329,LPDU0165,FAULTY,HALLMARK ELECTRONICS LIMITED,
2017-12-04,,,GBR,2017-11-03,GNSS FRONT END,9A515.x,23265,NLR,2017-12-04,11KPiCp5Lyb0_b7l79Sq1Wemswc6DKrdZ,1.2.0,1i3MpOIMh3P_etGlkkre0MuByb4W0O_6zWjew_u_EcdA,"<p><a href=""https://drive.google.com/drive/folders/1qHtzmay_oqGVTAxgE1K9p8mrEQjOxDpQ"" rel=""noopener noreferrer"" target=""_blank"">Results</a></p>",X-004B,HMK1714633513/1 0522,STRATOSRF,UK,2017-12-04 00:00:00+00:00,0,2170306,STROS091,FAULTY,HALLMARK ELECTRONICS LIMITED,
2017-12-04,,,GBR,2017-11-03,GNSS FRONT END,9A515.x,23268,NLR,2017-12-04,1b7nfnFitGc0AlicFztThv7qL41xTaSc_,1.2.0,1XR3b1inShk4OETTYgOLkxudpPFOikYTkzI4oe7p8sm8,"<p><a href=""https://app.asana.com/0/104938003044303/501701071053279"">NCR</a></p>",X-004B,HMK17/46 333513/1 0644,STRATOSRF,UK,2017-12-04 00:00:00+00:00,0,2170306,STROS094,FAULTY,HALLMARK ELECTRONICS LIMITED,
2017-12-04,,,GBR,2017-11-03,GNSS FRONT END,9A515.x,23277,NLR,2017-12-04,1xFxoQBNXJpUdz7GDQkN_eYg9ngaayCtr,1.2.0,1v7tl9XNGQTiLVOs1jKB6y6BDP_cwE7DPVvXvsmBVMNo,"<p><a href=""https://app.asana.com/0/104938003044303/502463057697508"">NCR</a></p>",X-004B,HMK17/46 33513/1 0529,STRATOSRF,UK,2017-12-04 00:00:00+00:00,0,2170306,STROS103,FAULTY,HALLMARK ELECTRONICS LIMITED,
2017-12-04,,,GBR,2017-11-03,GNSS FRONT END,9A515.x,23266,NLR,2017-12-04,16lASqoSFDYZEK4jbT8k2T6JhANkb4jlx,1.2.0,1Y-mtROFXLEw169vENXCgFenu-OnNNWf2UHJPrz30ui0,"<p><a href=""https://drive.google.com/drive/folders/15cBD86x3GJdZJvL_ncJE0Ddr7gNn8M5T"">Results</a></p>",X-004B,HMK17/46 333513/1 0506,STRATOSRF,UK,2017-12-04 00:00:00+00:00,0,2170306,STROS092,FAULTY,HALLMARK ELECTRONICS LIMITED,
2017-07-06,,,GBR,2017-06-05,GNSS FRONT END,9A515.x,18638,NLR,2017-07-05,0B8g1PtZpbs-qdWh3U2FsSjJfTkE,1.2.0,12Rj6x0McMrYpxi648aQdAIu41N_xqAJyYGhXZe35AHg,"<p>Sean - FAILED at module level. GLOL1/FE1 and LNA GPSL2/FE3 has a curve and signal but power is low, would look at LNA</p>",X-004B,,STRATOSRF,UK,2017-06-26 00:00:00+00:00,0,2170080,STROS070,FAULTY,SMS ELECTRONICS LTD,
2017-12-05,,,GBR,2017-11-03,GNSS FRONT END,9A515.x,23281,NLR,2017-12-04,18deskrMJiCsGxfUluYMaBlSWx1jJFSJf,1.2.0,1vduBhtlwl7NfEduvkf3Cr2cdhSG0A6RrGQIRyhUcxaM,"<p><a href=""https://app.asana.com/0/104938003044303/502496330388572"">NCR</a></p>",X-004B,HMK17/46 33513/1 0531,STRATOSRF,UK,2017-12-04 00:00:00+00:00,0,2170306,STROS107,FAULTY,HALLMARK ELECTRONICS LIMITED,
2017-12-05,,,USA,2017-10-30,Lemur-2 +Z Photodiode Array,9A515.x,21670,NLR,2017-12-05,0B8g1PtZpbs-qcW1GcHpUNlBWUFE,3.1,1H5f1iOIh1BCtjrGHXLub4HXcPnqgZ-T4YgQ7miJBwno,<p>Workflow task <strong> MI 170 CSSPOSZ -> Program PCB</strong> set to <strong>failed</strong>. Comment: Failed to burn bootloader during programming.</p>,MANUFACTURING,DDL30520,CSSPOSZ,UK,2017-12-01 00:00:00+00:00,0,2170278,CPZP0161,FAULTY,SMS ELECTRONICS LTD,
2017-02-14,,,GBR,2017-01-17,RADFACE UHF Transceiver PCB,9A515.x,17173,NLR,2017-02-13,0B8g1PtZpbs-qSDBnWnZJSzZxalU,1.2,1c9F_0j4vXshu-35kyyu-XLqBOn9RnJ6t4t-CyZKdjrA,,X-003C,,RADFACE,UK,2017-02-07 00:00:00+00:00,0,2170005,RADF0058,FAULTY,HALLMARK ELECTRONICS LIMITED,
2017-12-05,,,USA,2017-10-30,Lemur-2 +Z Photodiode Array,9A515.x,21653,NLR,2017-12-05,0B8g1PtZpbs-qSW0wTU1xaUxvTW8,3.1,1s8XN6Dupf5jHeDOApFulNSeP9h8Sb26qIKnfOm7oNTU,<p>Workflow task <strong> Incoming Inspection</strong> set to <strong>failed</strong>. Comment: Solder Balls present on PCB - NCR : https://app.asana.com/0/104938003044303/498806970889468  Picture: https://drive.google.com/drive/folders/0B8g1PtZpbs-qQ3pSZjdiY1BFUDQ</p>,MANUFACTURING,DDL30503,CSSPOSZ,UK,2017-12-01 00:00:00+00:00,0,2170278,CPZP0144,FAULTY,SMS ELECTRONICS LTD,
2016-03-29,,,US ,2016-03-29,Flash S-Band Radio Transmitter Module,9A515.x,10795,9A004.e,2016-03-29,0B8g1PtZpbs-qQXI0d1RNZTN1SUE,1.2,1nwNBkqLcvV6HZgrzXfywRc2DOZsRlYWfZOlVHEiGedk,,MANUFACTURING,,FLASHMOD,UK,,0,,FLMD0072,FAULTY,SPIRE GLOBAL,
2017-11-21,,,GBR,2017-10-31,Deployment Switch Left,9A515.x,22898,NLR,2017-11-27,0B8g1PtZpbs-qd2VYVF84T1RvNEE,1.1,1n55-qRlBp0YYwI2VDfsdpAEyJuLIXcaXaZshS5EhAd4,<p>Workflow task <strong> Incoming Inspection</strong> set to <strong>failed</strong>. Comment: Heat Damage present on Connector</p>,X-003C,HMK17/44 33474/1 SN055,DEPSWL,UK,2017-11-27 00:00:00+00:00,0,2170277,DESPL125,FAULTY,HALLMARK ELECTRONICS LIMITED,
2016-10-06,,,USA,2016-09-02,Lemur-2 Power Distribution Module,9A515.x,12396,NLR,2016-10-07,0B2VCrBaJZ0EwMzdpVUJMOTRKLUE,1.5.1,1huWc7gqTrrvi2en94j9YUUffnTz-94aZYBHyLpJKpDE,"<p>Removed from LEMR2056, suspected CAN issues. To be investigated <a href=""https://app.asana.com/0/104938003044303/263397812904475"">NCR</a></p>",X-004B,,LEMPDU,UK,,0,5614,LPDU0098,FAULTY,HALLMARK ELECTRONICS LIMITED,10005
2016-06-06,,,GBR,2016-06-06,"Clydespace 3U Double-deployable Solar Array, Configuration B1",9A515.X,11679,3A001.e.4,2016-06-06,0B8g1PtZpbs-qeU9aYzVLNWF2YmM,1.0.1,1GdJNptFaHgjrIAoGjRwVXIilPoV4zSA4I2Y7dLDrLEQ,"<p>Fitted SOLARBOB1. &nbsp;Buzzed out &nbsp;- Short between J4 Pin 7 and Chassis, seeing this regularly. Pin 7 is not connected so should not cause an issue.</p>",MANUFACTURING,CS05954,XCSARRAY01,UK,,0,150116,XCS50050,FAULTY,CLYDE SPACE LIMITED,
2017-08-02,,,USA,2017-07-12,LEMUR 2 ADCS EMBEDDED CONTROLLER,9A515.X,18952,9A004.E.3,2017-08-04,0B8g1PtZpbs-qeUNJTmRqOTF3ZGM,1.0.3,1-E8ae4cyn6opIC0KnUNMAJOHd1tLfSIfqk0wVoxd_fQ,<p>Used in SLED0010</p>,MANUFACTURING,HMK 17/05 32312/1 SN011,LEMADCS,UK,2017-08-04 00:00:00+00:00,0,2170108,LADCS016,FAULTY,HALLMARK ELECTRONICS LIMITED,
2017-09-11,,,USA,2017-07-25,LEMUR 2 ADCS EMBEDDED CONTROLLER,9A515.X,19220,9A004.E.3,2017-09-11,0B8g1PtZpbs-qaEltdjhZMFU5a1k,1.0.3,1gxWsBu2QSkgCsloqlxreNxwJ0BX3AfZpl2bQuhIYSWc,<p>Removed from LEMR2090 as faulty due to connector problems&nbsp;</p>,MANUFACTURING,HMK17/34 33164/1 SN006,LEMADCS,UK,2017-08-29 00:00:00+00:00,0,2170123,LADCS023,FAULTY,HALLMARK ELECTRONICS LIMITED,
2017-09-12,,,GBR,2017-08-25,Deployment Switch Left,9A515.x,20249,NLR,2017-09-12,0B8g1PtZpbs-qT0MxeWRncmlzVjQ,1.1,111AB0eu8mVlx9Q5kFGe-qpv6h8Ccn_T5g5BScWXXwTY,Passed incoming Inspection to IPC-A-610 Class 2 Standard - FLIGHT,X-003A,HMK17/36 33265/1 012,DEPSWL,UK,2017-09-12 00:00:00+00:00,0,2170155,DESPL086,FAULTY,HALLMARK ELECTRONICS LIMITED,
2017-08-29,,,,2017-07-25,LEMUR-2 Logging Module,9A515.x,19061,NLR,2017-08-30,0B8g1PtZpbs-qZ0tOYXAtaERQejQ,2.0,1nUYy1uqqHIyE_EtErKi9qB0bQfgHoBrOrREoMtCVN1M,FLIGHT,X-003B,HMK17/31 33111/1 SN007,LEMLOG,UK,2017-08-29 00:00:00+00:00,0,2170122,LLOG0091,FAULTY,HALLMARK ELECTRONICS LIMITED,
2017-09-08,,,GBR,2017-07-25,VHF and UHF antenna system with wide band UHF matching.  ,9A515.X,19194,NLR,2017-09-11,0B8g1PtZpbs-qSUVqOUJ0QkJOcEk,1.3.1,1GVnuFNhQSYDfMXDkcGO373O4QX2VtooBmJjy9EW7fwA,"<p><a href=""https://app.asana.com/0/104938003044303/471407772902263"" rel=""noopener noreferrer"" target=""_blank"">NCR</a></p>",MANUFACTURING,HMK17/34 33162/1 SN020,AURORA,UK,2017-08-29 00:00:00+00:00,0,2170123,AURA0085,FAULTY,HALLMARK ELECTRONICS LIMITED,
2017-08-23,,,USA,2017-07-25,Lemur-2 +Z Photodiode Array,9A515.x,19152,NLR,2017-08-23,0B8g1PtZpbs-qUTVXT0VSMFFVM28,3.1,1E1VsNX_4xr4pxrXgfGUWCvkS5PtAEULo34-et9h4c4U,<p>Removed from SLED009 Faulty sensors <br><br>TMP102_2<br>L3GD20</p>,X-003B,HMK17/31 33118/1 SN004,CSSPOSZ,UK,2017-08-22 00:00:00+00:00,0,2170122,CPZP0139,FAULTY,HALLMARK ELECTRONICS LIMITED,
2017-02-14,,,GBR,2017-01-17,RADFACE UHF Transceiver PCB,9A515.X,17175,NLR,2017-02-13,0B8g1PtZpbs-qdDhONGZCU3czX1U,1.2.1,1Orq6shCpkSe7v_W1og66evzwRaBVOHah-3Rk42jISLM,<p>Removed from SLED0009 due to suspected faulty connector&nbsp;</p>,X-004A,,RADFACE,UK,2017-02-07 00:00:00+00:00,0,2170005,RADF0060,FAULTY,HALLMARK ELECTRONICS LIMITED,
2017-08-23,,,USA,2017-07-25,Lemur-2 Power Distribution Module,9A515.x,19136,NLR,2017-08-23,0B8g1PtZpbs-qYmNTQkhoTU5OdjA,1.5.2,1dvBPLChgemiq6z9tpoa8bWKYJUX39QfjTORwOzFrYAc,<p>Removed from SLED0009 due to fault with board when trying to read the radface current levels&nbsp;</p>,X-004A,HMK17/03 32204/1 SN22,LEMPDU,UK,2017-08-22 00:00:00+00:00,0,2170122,LPDU0142,FAULTY,HALLMARK ELECTRONICS LIMITED,
2017-07-06,,,GBR,2017-06-05,LEMEPS DB,9A515.X,18663,NLR,2017-07-06,0B8g1PtZpbs-qdGNmRjRPSFVoVGs,1.2.1,19y1j9UMAZCwybuG_wZBdXAI0-tpgc9twayPNe60pnZQ,<p>Removed samtec connector 3.3V-MCU still shorted to GND</p>,MANUFACTURING,,LEMEPSDB,UK,2017-06-26 00:00:00+00:00,0,2170080,LEMDB041,FAULTY,SMS ELECTRONICS LTD,
2017-08-07,,,USA,2017-03-14,PNI RM3100 Magnetometer Evaluation Module,EAR99,18077,NLR,2017-08-04,0B8g1PtZpbs-qcWVRNUdLdnF3SlE,1.0,1gkFJeN9esObmfUTxJ_YMz_kmeYE2z9d-wxL_WBZ2GvU,MGBOB099 and RM3K1047 assembled together,X-002,,XRM3100,UK,2017-12-01 00:00:00+00:00,0,2170028,RM3K1047,FAULTY,WILLOW TECHNOLOGIES LTD,
2017-08-29,,,GBR,2017-07-25,Lemur-2 Backplane,9A515.X,19171,NLR,2017-08-30,0B8g1PtZpbs-qMmNLZWxzemNpaDA,3.3.3,1ow2p3sr13I4QMzDTJpj9zfioT4HSS4GW0H2jVVKyCms,<p>Removed from LEMR2086 / FM75</p>,X-003D,HMK17/29 33057/1 SN014,LEM2BACK,UK,2017-08-29 00:00:00+00:00,0,2170122,LBCK0205,FAULTY,HALLMARK ELECTRONICS LIMITED,
2017-09-18,,,USA,2017-08-08,Aurora UHF Antenna- 0.2mm Thickness ,9A515.x,20153,NLR,2017-09-21,0B8g1PtZpbs-qeHd2S0pEYzJEUGM,1.1,1ZhAXkYHR2vG2k8iptZwR_Oa9Em7SsmwZxBIE_mm5hn0,Failed incoming Inspection - mount holes have 7mm pitch instead of required 5mm pitch,X-003A,,UHFELEMENT,UK,2017-09-07 00:00:00+00:00,0,2170143,UHFEL217,FAULTY,ENDOSMART GMBH,
2017-09-18,,,USA,2017-08-08,Aurora UHF Antenna- 0.2mm Thickness ,9A515.x,20152,NLR,2017-09-21,0B8g1PtZpbs-qdkVEODRaOXhfY00,1.1,1s5psIdI5cQM_IqePJffGjwF1psyNMUov_DDVljNQvPY,Failed incoming Inspection - mount holes have 7mm pitch instead of required 5mm pitch,X-003A,,UHFELEMENT,UK,2017-09-07 00:00:00+00:00,0,2170143,UHFEL216,FAULTY,ENDOSMART GMBH,
2017-09-21,,,USA,2017-08-08,Aurora VHF antenna ,9A515.x,19987,NLR,2017-09-15,0B8g1PtZpbs-qeVEzbFpPOWRWTm8,1.0,1jOUb-J1w9AD7dOb3POFzdxcIxUXLYTKnTSM6wwy69p8,Passed incoming Inspection (accepted with additional mounting hole) - FLIGHT,X-003A,,VHFELEMENT,UK,2017-09-07 00:00:00+00:00,0,2170143,VHFEL095,FAULTY,ENDOSMART GMBH,
2017-06-30,,,USA,2017-06-05,Stratos Digital PCB ,9A515.X,18656,7A105.b.1,2017-06-28,0B8g1PtZpbs-qOW5fVXRWMjBuYWM,1.2.0,106z4EUN8zW9AJ_n0PHv495I_mAZg0lvBCYxuy818hEQ,<p>Failed boot on module level - No PHY found</p>,MANUFACTURING,,STRATOSDIG,UK,2017-06-26 00:00:00+00:00,0,2170080,STRD0061,FAULTY,SMS ELECTRONICS LTD,
,,,USA,2017-03-24,LEMUR-2 ONBOARD COMPUTER MODULE,9A515.X,18210,9A004.E,2017-04-19,0B8g1PtZpbs-qNVBibGxGb0VySjA,1.6.2,1_YNjAn58oO2t7we1158pzDDz0XCQnBw0k8PUef8-C9M,"<p>Removed from FM65. LOCM0175 was causing CSSPOSZ failures during SCOTTY tests. We tried swapping out the FPP And the CSSPOSZ but the faults were still present with the current OBC. &nbsp; <a href=""https://app.asana.com/0/search/420950033204146/409165090005260"">NCR </a></p>",X-004D,,LOBCMOD,UK,,0,,LOCM0175,FAULTY,SPIRE GLOBAL,10064
2015-12-31,,,,2015/10/05,FARCOM UHF Transceiver PCB,9A515.x,4192,NLR,,0B5sHrW4FtL1gb051TkNrdy1JWlE,2.1,1oHPOP59Br2KSCtJmRA-SN6ZxGSQx1cdM-UBRf95NB0o,,MANUFACTURING,,FARCOM,UK,,2,5094,FCOM0061,FAULTY,SF CIRCUITS,
2017-01-23,,,,2016-12-15,FARCOM UHF Transceiver PCB,9A515.x,16233,NLR,2017-01-31,0B8g1PtZpbs-qVzlKWjlFb19wVEE,2.1,1tQeyHpkyAd-MIlzbwu6UEY2WRh6R3w77172ZaEmiddw,"<p>removed from LEMR2062. Failing RF OTA RF chamber test. Tone OK, signal not demodulating. To be further investigated.<a href=""https://app.asana.com/0/104938003044303/316220375471647"">NCR</a></p>",MANUFACTURING,,FARCOM,UK,2017-01-31 00:00:00+00:00,0,5815,FCOM0166,FAULTY,HALLMARK ELECTRONICS LIMITED,
2017-01-23,,,,2016-12-15,FARCOM UHF Transceiver PCB,9A515.x,16239,NLR,2017-01-31,0B8g1PtZpbs-qeTNQRHNOVUFGLW8,2.1,1GiVVMzweLeICuM1hzoUSBKtxGDBHPDjOanipsH9fny0,"<p>Returning as stock, requires full MI</p>",MANUFACTURING,,FARCOM,UK,2017-01-31 00:00:00+00:00,0,5815,FCOM0172,FAULTY,HALLMARK ELECTRONICS LIMITED,
2017-01-23,,,,2016-12-15,FARCOM UHF Transceiver PCB,9A515.x,16226,NLR,2017-01-31,0B8g1PtZpbs-qRDdtQkJ2UmMwSjQ,2.1,1bzyMZBm6CskWdLaGYDnfKqJPNME8T_aeQ_M9RW0aKLY,"<p>Returning as faulty, requires RX debug</p>",MANUFACTURING,,FARCOM,UK,2017-01-31 00:00:00+00:00,0,5815,FCOM0159,FAULTY,HALLMARK ELECTRONICS LIMITED,
2017-01-23,,,,2016-12-15,FARCOM UHF Transceiver PCB,9A515.x,16227,NLR,2017-01-31,0B8g1PtZpbs-qdHd1V2tnMGxCSGs,2.1,1gyZp94Omri_FXn4Ie7pfcpYahgIVja2hiIvZUCj49RQ,"<p>Returning as faulty, requires RX debug</p>",MANUFACTURING,,FARCOM,UK,2017-01-31 00:00:00+00:00,0,5815,FCOM0160,FAULTY,HALLMARK ELECTRONICS LIMITED,
2017-06-26,,,USA,2017-06-05,FARCOM UHF Transceiver PCB,9A515.X,18605,NLR,2017-06-26,0B8g1PtZpbs-qa2doNjBRYklYTTA,2.2.1,1UK5r6-n23t9wSBxtAfnHAhFd5p5qhx1gesi695EzTig,<p>Low TX power 18dBm peak</p>,MANUFACTURING,,FARCOM,UK,2017-06-19 00:00:00+00:00,0,2170081,FCOM0180,FAULTY,HALLMARK ELECTRONICS LIMITED,
2017-03-10,,,GBR,2016-12-14,FLASH S-BAND RADIO RF SHIELD,9A515.x,14693,NLR,2017-03-13,0B8g1PtZpbs-qUGRMOXNMR21qbTA,1.6,1W4fkBz6V40houLNBlrVlJN3gOhiiUTnALw35PbytzXI,<p>Screw snapped in hole while fitting FLASHRF - Moved to Faulty and awaiting drilling.<br>Removed from FLMD0113</p>,X-004A,,SHLDFLASH,UK,2017-02-17 00:00:00+00:00,0,5812,FLSH0129,FAULTY,PENTA PRECISION LIMITED,
2017-07-21,,,,2017-07-12,Bulkhead MMCX to U.FL connector PCB,9A515.x,18922,NLR,2017-08-02,0B8g1PtZpbs-qdEktdE5QaUZnMHc,1.0,1M8F8D0Crvwc2CY56wy6lbjtFy7HzYxNXFPruv6BCv8s,"<p>Failed incoming Inspection - Centre Pin on Connector - not soldered.</p><p><a href=""https://app.asana.com/0/104938003044303/405432575289084"" target=""_blank"">NCR</a> - <a href=""https://drive.google.com/drive/folders/0B8g1PtZpbs-qVnBXQ2t1SENVTUE"" target=""_blank"">Picture</a>&nbsp;</p>",X-002,7,FLASHBULK,UK,2017-07-31 00:00:00+00:00,0,2170104,FSHBK086,FAULTY,HALLMARK ELECTRONICS LIMITED,
2017-06-09,,,GBR,2017-05-10,Lemur-2 Backplane,9A515.X,18478,NLR,2017-06-08,0B8g1PtZpbs-qcFpHek1rQ0VCdTQ,3.3.2,1bF36nbHt2QTmwrylwk8j8kul2UZ6ViWZY0969wXrMEY,"<p><a href=""https://app.asana.com/0/104938003044303/405771909815301/f"">NCR</a>&nbsp;</p>",X-004C,,LEM2BACK,UK,2017-06-08 00:00:00+00:00,0,2170069,LBCK0185,FAULTY,HALLMARK ELECTRONICS LIMITED,
2017-02-14,,,GBR,2016-12-15,Deployment Switch Left,9A515.x,16470,NLR,2017-02-10,0B8g1PtZpbs-qN1BsQ1VabnlmQ3M,1.1,1Z8drKbpmLEcuJkC3zMh-i6mzXF5euaqQ7_26nLWMft4,,X-004D,,DEPSWL,UK,2017-01-31 00:00:00+00:00,0,5815,DESPL075,FAULTY,HALLMARK ELECTRONICS LIMITED,
2017-01-04,,,USA,2016-12-07,SBAND PATCH ANTENNA,7A994,14608,NLR,2016-12-30,0B8g1PtZpbs-qUVhRTXFfYVlIWTg,1.0,1ulrhlpcobJa9pZEFxMljZXi5LvgphDSXtSqAo0PGL6k,<p><strong>FLIGHT STOCK</strong></p>,X-004D,11,SBANDPAT,UK,,0,5735,SBANP011,FAULTY,HAIGH-FARR,
2017-06-09,,,GBR,2017-05-10,Lemur-2 Backplane,9A515.X,18473,NLR,2017-06-08,0B8g1PtZpbs-qSmtrRWNzR3lSVW8,3.3.2,1s2ekFNhb_8Z2QEwe3rNA9cl_oDkQXtpQKYQwNS_7CpI,Conformal coating completed by KD and inspected by myself. Returned to stores as FLIGHT,X-005A,,LEM2BACK,UK,2017-06-08 00:00:00+00:00,0,2170069,LBCK0180,FAULTY,HALLMARK ELECTRONICS LIMITED,
2017-06-09,,,GBR,2017-05-10,Lemur-2 Backplane,9A515.X,18476,NLR,2017-06-08,0B8g1PtZpbs-qT0Z1S2dyZWxfTGs,3.3.0,18F9w1ngG9y2LZEd0eELcHLhoFs9KRAYhfSUTxIbmkTc,<p>removed U2 R72 and R68 for de-bug purposses&nbsp;</p>,X-005A,,LEM2BACK,UK,2017-06-08 00:00:00+00:00,0,2170069,LBCK0183,FAULTY,HALLMARK ELECTRONICS LIMITED,
2017-01-12,,,,2016-12-15,Bulkhead MMCX to U.FL connector PCB,9A515.x,16285,NLR,2017-01-31,0B8g1PtZpbs-qTmlubEJJNU82bnM,1.0,1KpFaqZCKIWUOZCN2Mlb2KrkADoxrPvompaiqb8molrY,<p>Removed from FLMD0112 - Connector snapped off when fitting coax cable</p>,X-004A,,FLASHBULK,UK,2017-01-31 00:00:00+00:00,0,5815,FSHBK075,FAULTY,HALLMARK ELECTRONICS LIMITED,
2017-01-24,,,USA,2016-12-15,LEMUR Onboard Computer PCB,9A515.x,16143,NLR,2017-01-31,0B8g1PtZpbs-qUXNIeS0zd0xDalE,1.6.1,1FrCnKqN7YQKiDmNfMQJ4StWDKofV4UuuJZw7-xsWQzg,"<p>SD card slot is blocked - <a href=""https://app.asana.com/0/104938003044303/269570540642234/f"">NCR</a></p>",X-004C,,LEMOBC,UK,2017-01-31 00:00:00+00:00,0,5815,LOBC0175,FAULTY,HALLMARK ELECTRONICS LIMITED,
2016-09-13,,,,2016-08-12,LEMUR Onboard Computer PCB,9A515.x,12148,NLR,2016-09-11,0B2VCrBaJZ0EwNmdYSXBJcjBxVjQ,1.6,1F8wfaUHTYz9D9Gi5ddB8JMFRKhxNoW109-2r8Y_p-o0,,X-003B,,LEMOBC,UK,,0,5579,LOBC0154,FAULTY,HALLMARK ELECTRONICS LIMITED,
,,,ITA,2015/04/09,Lizard System on Module,EAR99,1075,NLR,2015-04-10,0B7Q18_SUb6j8cVd2bFZST2YwUVU,1.0,1fifozwof-5IPQUpHWCBMSJB2Rl5N78_Tt8A6RbW3R90,,X-003B,,XLIZARD,UK,,0,1553,XLIZ0008,FAULTY,DAVE,
,,,ITA,2015/04/09,Lizard System on Module,EAR99,1078,NLR,2015-04-10,0B7Q18_SUb6j8d3ZtTWI5em1uSXM,1.0,1wb5JXFUBP_FC61-sqZ4OO528QpvnNrcoNMovdhJ_LiY,,X-003B,,XLIZARD,UK,,0,1553,XLIZ0011,FAULTY,DAVE,
2015-01-01,,,ITA,2015-09-22,Lizard System on Module,EAR99,4010,NLR,2015-01-01,0B2VCrBaJZ0EwSllMMGtlLVhHbHM,1.0,1GQe4Auev11YOl49fhmPV0YCNFigZpXq75VPG6cA0MIE,,X-003B,,XLIZARD,UK,,0,4812,XLIZ0058,FAULTY,DAVE,
2017-01-30,,,USA,2016-12-19,Lemur-2 +Z Photodiode Array,9A515.x,16705,NLR,2017-02-09,0B8g1PtZpbs-qa2ZYLTVYUzNOTlE,3.1,1QolHPDGeVdTgYt7Op1Xfi4EUisaetRaLGgupJnr0AoA,"i2c bus 0 actually, <a href=""https://app.asana.com/0/104938003044303/300140333729792"" target=""_blank"">NCR Link</a>",X-003A,,CSSPOSZ,UK,2017-01-31 00:00:00+00:00,0,5825,CPZP0102,FAULTY,HALLMARK ELECTRONICS LIMITED,
